{"wl": [[0.9989860698708417, 0.0005069650645791388, 0.0005069650645791388]], "da": [[0.5, 0.5, 0.5]], "switches": 0}