{"wl": [[0.6923076923076923, 0.15384615384615388, 0.15384615384615388]], "da": [[0.5, 0.5, 0.5]], "switches": 0}