{"wl": [[0.6923076923076923, 0.15384615384615388, 0.15384615384615388], [0.27272727272727276, 0.5454545454545454, 0.18181818181818182], [0.27272727272727276, 0.18181818181818182, 0.5454545454545454], [0.6, 0.24, 0.16], [0.391304347826087, 0.2608695652173913, 0.3478260869565218]], "display_acc": [[0.525, 0.525, 0.525], [0.525, 0.525, 0.525], [0.525, 0.525, 0.525], [0.525, 0.525, 0.525], [0.525, 0.525, 0.525]]}