{"wl": [[0.3565106182507477, 0.3217446908746262, 0.3217446908746262], [0.37836941542560065, 0.4662229384307996, 0.15540764614359984], [0.5329854386704257, 0.11675364033239356, 0.3502609209971807], [0.2697272935629021, 0.43816362386225866, 0.29210908257483925], [0.3575331461760263, 0.2753429373531316, 0.3671239164708421]], "da": [[0.5, 0.5, 0.5], [0.5, 0.5, 0.5], [0.5, 0.5, 0.5], [0.5, 0.5, 0.5], [0.5, 0.5, 0.5]], "switches": 0}