{"wl": [[0.5400473175817195, 0.2299763412091402, 0.2299763412091402], [0.4075726599146609, 0.44432050506400433, 0.14810683502133476], [0.4075726599146611, 0.1481068350213348, 0.4443205050640043], [0.43907130526658805, 0.3365572168400472, 0.22437147789336478], [0.38612713448784175, 0.2630883709337821, 0.3507844945783762]], "da": [[0.5, 0.5, 0.5], [0.5, 0.5, 0.5], [0.5, 0.5, 0.5], [0.5, 0.5, 0.5], [0.5, 0.5, 0.5]], "switches": 0}