{"wl": [[0.4091699177286706, 0.2954150411356647, 0.2954150411356647], [0.4320894144890479, 0.425932939133214, 0.14197764637773796], [0.5878967028258932, 0.10302582429352669, 0.3090774728805801], [0.31586009482332345, 0.41048394310600583, 0.27365596207067067], [0.27060558633583764, 0.3125976058560696, 0.41679680780809275]], "da": [[0.5, 0.5, 0.5], [0.5, 0.5, 0.5], [0.5, 0.5, 0.5], [0.5, 0.5, 0.5], [0.5, 0.5, 0.5]], "switches": 0}