{"wl": [[0.5947595694546403, 0.2026202152726799, 0.2026202152726799], [0.4623550096194583, 0.4032337427854063, 0.13441124759513542], [0.46235500961945847, 0.13441124759513542, 0.4032337427854062], [0.49455311153221004, 0.30326813308067396, 0.202178755387116], [0.4401686529464096, 0.23992772016582453, 0.319903626887766]], "da": [[0.5, 0.5, 0.5], [0.5, 0.5, 0.5], [0.5, 0.5, 0.5], [0.5, 0.5, 0.5], [0.5, 0.5, 0.5]], "switches": 0}