{"wl": [[0.6923076923076923, 0.15384615384615388, 0.15384615384615388], [0.1666666666666667, 0.625, 0.20833333333333334], [0.1666666666666667, 0.20833333333333334, 0.625], [0.6, 0.24, 0.16], [0.2553191489361702, 0.3191489361702127, 0.425531914893617]], "da": [[0.5, 0.5, 0.5], [0.5, 0.5, 0.5], [0.5, 0.5, 0.5], [0.5, 0.5, 0.5], [0.5, 0.5, 0.5]], "switches": 0}