{"wl": [[0.8484554580282236, 0.07577227098588817, 0.07577227098588817], [0.48270153948021866, 0.3879738453898361, 0.12932461512994534], [0.03870677767276801, 0.240323305581808, 0.720969916745424], [0.7886942998174318, 0.12678342010954086, 0.08452228007302726], [0.06456928392657667, 0.40089887831718146, 0.5345318377562419]], "da": [[0.5, 0.5, 0.5], [0.5, 0.5, 0.5], [0.5, 0.5, 0.5], [0.5, 0.5, 0.5], [0.5, 0.5, 0.5]], "switches": 0}