{"wl": [[0.8749749949989999, 0.0625125025005001, 0.0625125025005001], [0.38350759518642735, 0.46236930361017947, 0.15412310120339312], [0.04791976714768099, 0.23802005821307975, 0.7140601746392392], [0.8234961875176504, 0.10590228748940977, 0.07060152499293987], [0.07942942956086052, 0.39453024447391694, 0.5260403259652225]], "da": [[0.5, 0.5, 0.5], [0.5, 0.5, 0.5], [0.5, 0.5, 0.5], [0.5, 0.5, 0.5], [0.5, 0.5, 0.5]], "switches": 0}