{"wl": [[0.37545200977167564, 0.3122739951141622, 0.3122739951141622], [0.39775430471671025, 0.4516842714624673, 0.1505614238208224], [0.39775430471671014, 0.15056142382082252, 0.45168427146246737], [0.42904368386761005, 0.34257378967943386, 0.228382526452956], [0.37649707863295145, 0.2672155377287352, 0.35628738363831347]], "da": [[0.5, 0.5, 0.5], [0.5, 0.5, 0.5], [0.5, 0.5, 0.5], [0.5, 0.5, 0.5], [0.5, 0.5, 0.5]], "switches": 0}