{"wl": [[0.34720143342828025, 0.3263992832858599, 0.3263992832858599], [0.3688165955955668, 0.4733875533033248, 0.15779585110110828], [0.5228120699412006, 0.11929698251469988, 0.35789094754409945], [0.3993390216041485, 0.36039658703751076, 0.24026439135834066], [0.5004248782114824, 0.21410362362365043, 0.28547149816486705]], "da": [[0.5, 0.5, 0.5], [0.5, 0.5, 0.5], [0.5, 0.5, 0.5], [0.5, 0.5, 0.5], [0.5, 0.5, 0.5]], "switches": 0}