{"wl": [[0.39933902160414847, 0.3003304891979257, 0.3003304891979257]], "da": [[0.5, 0.5, 0.5]], "switches": 0}