{"wl": [[0.4290436838676101, 0.2854781580661949, 0.2854781580661949]], "da": [[0.5, 0.5, 0.5]], "switches": 0}