{"wl": [[0.5548752451767046, 0.22256237741164778, 0.22256237741164778]], "da": [[0.5, 0.5, 0.5]], "switches": 0}