{"wl": [[0.4538625230325348, 0.2730687384837326, 0.2730687384837326]], "da": [[0.5, 0.5, 0.5]], "switches": 0}