{"wl": [[0.5848837960656138, 0.2075581019671931, 0.2075581019671931]], "da": [[0.5, 0.5, 0.5]], "switches": 0}