{"wl": [[0.7450038473043195, 0.1274980763478403, 0.1274980763478403]], "da": [[0.41029044141142734, 0.41029044141142734, 0.41029044141142734]], "switches": 0}