{"wl": [[0.7850402984684226, 0.10747985076578863, 0.10747985076578863]], "da": [[0.4318846751699235, 0.4318846751699235, 0.4318846751699235]], "switches": 0}