{"wl": [[0.8855792107040856, 0.05721039464795714, 0.05721039464795714]], "da": [[0.5505246097998656, 0.5505246097998656, 0.5505246097998656]], "switches": 0}