{"wl": [[0.34720143342828036, 0.3263992832858599, 0.3263992832858599], [0.3688165955955666, 0.47338755330332505, 0.15779585110110828], [0.36881659559556695, 0.15779585110110833, 0.4733875533033247], [0.39933902160414847, 0.3603965870375108, 0.24026439135834068], [0.34821170944957885, 0.27933783880732327, 0.37245045174309777]], "da": [[0.3423476712519404, 0.3423476712519404, 0.3423476712519404], [0.36433729962328004, 0.36433729962328004, 0.36433729962328004], [0.36086232288185893, 0.36086232288185893, 0.36086232288185893], [0.3622083871748512, 0.3622083871748512, 0.3622083871748512], [0.37434621142911784, 0.37434621142911784, 0.37434621142911784]], "switches": 0}