{"wl": [[0.37545200977167564, 0.3122739951141622, 0.3122739951141622], [0.3977543047167102, 0.45168427146246737, 0.1505614238208224], [0.39775430471671047, 0.15056142382082247, 0.45168427146246704], [0.4290436838676101, 0.3425737896794338, 0.22838252645295598], [0.2435983377882253, 0.3241721409479034, 0.4322295212638713]], "da": [[0.3768431777751746, 0.3768431777751746, 0.3768431777751746], [0.4117335371028386, 0.4117335371028386, 0.4117335371028386], [0.4062198837970156, 0.4062198837970156, 0.4062198837970156], [0.408355648261405, 0.408355648261405, 0.408355648261405], [0.35601577259195016, 0.35601577259195016, 0.35601577259195016]], "switches": 0}