{"wl": [[0.7714285714285712, 0.11428571428571431, 0.11428571428571431], [0.13793103448275865, 0.6465517241379309, 0.21551724137931033], [0.13793103448275865, 0.21551724137931033, 0.6465517241379309], [0.6923076923076923, 0.18461538461538463, 0.1230769230769231], [0.21524663677130046, 0.3363228699551569, 0.4484304932735426]], "da": [[0.54875, 0.54875, 0.54875], [0.45125, 0.45125, 0.45125], [0.45125, 0.45125, 0.45125], [0.54875, 0.54875, 0.54875], [0.45125, 0.45125, 0.45125]], "switches": 0}