{"wl": [[0.9130253270247704, 0.04348733648761481, 0.04348733648761481], [0.07019772148753134, 0.6973517088843515, 0.2324505696281171], [0.07019772148753135, 0.2324505696281172, 0.6973517088843515], [0.8749749949989999, 0.0750150030006001, 0.05001000200040008], [0.11459311159835989, 0.37946009502927436, 0.5059467933723657]], "da": [[0.53010620386177, 0.53010620386177, 0.53010620386177], [0.3638144055132298, 0.3638144055132298, 0.3638144055132298], [0.3638144055132298, 0.3638144055132298, 0.3638144055132298], [0.53010620386177, 0.53010620386177, 0.53010620386177], [0.3638144055132298, 0.3638144055132298, 0.3638144055132298]], "switches": 0}