{"wl": [[0.14602615319873635, 0.4269869234006318, 0.4269869234006318]], "da": [[0.27934317777517464, 0.27934317777517464, 0.27934317777517464]], "switches": 0}