{"wl": [[0.13140636866075353, 0.4342968156696233, 0.4342968156696233]], "da": [[0.2979159413428535, 0.2979159413428535, 0.2979159413428535]], "switches": 0}