{"wl": [[0.3850718436125448, 0.3074640781937276, 0.3074640781937276], [0.7074866202039976, 0.21938503484700178, 0.0731283449490006], [0.7074866202039976, 0.0731283449490006, 0.21938503484700178], [0.4390713052665881, 0.3365572168400471, 0.2243714778933649], [0.5411535621707002, 0.19664847335541424, 0.2621979644738856]], "da": [[0.3532505333288321, 0.3532505333288321, 0.3532505333288321], [0.534953729205133, 0.534953729205133, 0.534953729205133], [0.5331159994785705, 0.5331159994785705, 0.5331159994785705], [0.39000512786008207, 0.39000512786008207, 0.39000512786008207], [0.46254861861975005, 0.46254861861975005, 0.46254861861975005]], "switches": 0}