{"wl": [[0.3071057895831313, 0.34644710520843436, 0.34644710520843436], [0.6312536549166172, 0.2765597588125371, 0.0921865862708457], [0.6312536549166172, 0.0921865862708457, 0.2765597588125371], [0.35651061825074765, 0.3860936290495513, 0.25739575269970105], [0.30805445245691165, 0.29654809180418074, 0.3953974557389076]], "da": [[0.3337872524846297, 0.3337872524846297, 0.3337872524846297], [0.43125319482757846, 0.43125319482757846, 0.43125319482757846], [0.430152878155949, 0.430152878155949, 0.430152878155949], [0.35579358591721794, 0.35579358591721794, 0.35579358591721794], [0.35473055896601674, 0.35473055896601674, 0.35473055896601674]], "switches": 0}