{"wl": [[0.3565106182507476, 0.32174469087462626, 0.32174469087462626], [0.6815148790721791, 0.23886384069586564, 0.07962128023195521], [0.6815148790721791, 0.07962128023195521, 0.23886384069586564], [0.4091699177286705, 0.35449804936279755, 0.23633203290853186], [0.3575331461760264, 0.2753429373531316, 0.3671239164708421]], "da": [[0.3513550026153997, 0.3513550026153997, 0.3513550026153997], [0.453950731397451, 0.453950731397451, 0.453950731397451], [0.45279250332205156, 0.45279250332205156, 0.45279250332205156], [0.3745195641233873, 0.3745195641233873, 0.3745195641233873], [0.3734005883852808, 0.3734005883852808, 0.3734005883852808]], "switches": 0}