{"wl": [[0.6923076923076923, 0.15384615384615388, 0.15384615384615388]], "da": [[0.525, 0.525, 0.525]], "switches": 0}