{"wl": [[0.8484554580282236, 0.07577227098588817, 0.07577227098588817]], "da": [[0.4893808913617698, 0.4893808913617698, 0.4893808913617698]], "switches": 0}