{"wl": [[0.8749749949989999, 0.0625125025005001, 0.0625125025005001]], "da": [[0.5151377803808104, 0.5151377803808104, 0.5151377803808104]], "switches": 0}